Actual,Predicted
[20],[16.88414476]
[27],[33.73226078]
[69],[75.357018]
[30],[26.79480124]
[62],[60.49103328]
